sa3_name_2016,year,median_income
Queanbeyan,2010-11,51858
Snowy Mountains,2010-11,35884
South Coast,2010-11,30908
Goulburn - Mulwaree,2010-11,38269
Young - Yass,2010-11,39489
Gosford,2010-11,38189
Wyong,2010-11,37082
Bathurst,2010-11,40497
Lachlan Valley,2010-11,34752
Lithgow - Mudgee,2010-11,37354
Orange,2010-11,41241
Clarence Valley,2010-11,29412
Coffs Harbour,2010-11,31848
Bourke - Cobar - Coonamble,2010-11,38522
Broken Hill and Far West,2010-11,38238
Dubbo,2010-11,37539
Lower Hunter,2010-11,40819
Maitland,2010-11,43752
Port Stephens,2010-11,36084
Upper Hunter,2010-11,41976
Dapto - Port Kembla,2010-11,40112
Illawarra Catchment Reserve,2010-11,NA
Kiama - Shellharbour,2010-11,40022
Wollongong,2010-11,42062
Great Lakes,2010-11,28174
Kempsey - Nambucca,2010-11,28748
Lord Howe Island,2010-11,34037
Port Macquarie,2010-11,31857
Taree - Gloucester,2010-11,31331
Albury,2010-11,39127
Lower Murray,2010-11,33148
Upper Murray exc. Albury,2010-11,33284
Armidale,2010-11,34386
Inverell - Tenterfield,2010-11,29596
Moree - Narrabri,2010-11,38230
Tamworth - Gunnedah,2010-11,36897
Lake Macquarie - East,2010-11,41128
Lake Macquarie - West,2010-11,38973
Newcastle,2010-11,42666
Richmond Valley - Coastal,2010-11,30253
Richmond Valley - Hinterland,2010-11,32679
Tweed Valley,2010-11,32655
Griffith - Murrumbidgee (West),2010-11,36113
Tumut - Tumbarumba,2010-11,38441
Wagga Wagga,2010-11,39573
Shoalhaven,2010-11,32771
Southern Highlands,2010-11,35634
Baulkham Hills,2010-11,46633
Dural - Wisemans Ferry,2010-11,41994
Hawkesbury,2010-11,40563
Rouse Hill - McGraths Hill,2010-11,47511
Blacktown,2010-11,42546
Blacktown - North,2010-11,48959
Mount Druitt,2010-11,41746
Botany,2010-11,42936
Marrickville - Sydenham - Petersham,2010-11,46918
Sydney Inner City,2010-11,45040
Eastern Suburbs - North,2010-11,53916
Eastern Suburbs - South,2010-11,47825
Bankstown,2010-11,38303
Canterbury,2010-11,34664
Hurstville,2010-11,39889
Kogarah - Rockdale,2010-11,40063
Canada Bay,2010-11,50538
Leichhardt,2010-11,60313
Strathfield - Burwood - Ashfield,2010-11,40325
Chatswood - Lane Cove,2010-11,52437
Hornsby,2010-11,45245
Ku-ring-gai,2010-11,49719
North Sydney - Mosman,2010-11,61280
Manly,2010-11,49199
Pittwater,2010-11,43607
Warringah,2010-11,44687
Camden,2010-11,48158
Campbelltown (NSW),2010-11,42606
Wollondilly,2010-11,42807
Blue Mountains,2010-11,41231
Blue Mountains - South,2010-11,NA
Penrith,2010-11,45248
Richmond - Windsor,2010-11,41964
St Marys,2010-11,43195
Auburn,2010-11,34000
Carlingford,2010-11,40488
Merrylands - Guildford,2010-11,37714
Parramatta,2010-11,41793
Pennant Hills - Epping,2010-11,45042
Ryde - Hunters Hill,2010-11,44544
Bringelly - Green Valley,2010-11,40856
Fairfield,2010-11,37048
Liverpool,2010-11,43364
Cronulla - Miranda - Caringbah,2010-11,45579
Sutherland - Menai - Heathcote,2010-11,46252
Migratory - Offshore - Shipping (NSW),2010-11,NA
No usual address (NSW),2010-11,NA
Ballarat,2010-11,38689
Creswick - Daylesford - Ballan,2010-11,35409
Maryborough - Pyrenees,2010-11,30919
Bendigo,2010-11,37866
Heathcote - Castlemaine - Kyneton,2010-11,36015
Loddon - Elmore,2010-11,30328
Barwon - West,2010-11,38473
Geelong,2010-11,39445
Surf Coast - Bellarine Peninsula,2010-11,36856
Upper Goulburn Valley,2010-11,34705
Wangaratta - Benalla,2010-11,34880
Wodonga - Alpine,2010-11,37522
Baw Baw,2010-11,36963
Gippsland - East,2010-11,31719
Gippsland - South West,2010-11,33103
Latrobe Valley,2010-11,39818
Wellington,2010-11,36290
Brunswick - Coburg,2010-11,43362
Darebin - South,2010-11,46619
Essendon,2010-11,48285
Melbourne City,2010-11,44625
Port Phillip,2010-11,52862
Stonnington - West,2010-11,53796
Yarra,2010-11,50277
Boroondara,2010-11,49346
Manningham - West,2010-11,38775
Whitehorse - West,2010-11,39933
Bayside,2010-11,49637
Glen Eira,2010-11,44482
Kingston,2010-11,43571
Stonnington - East,2010-11,50000
Banyule,2010-11,44071
Darebin - North,2010-11,38652
Nillumbik - Kinglake,2010-11,44781
Whittlesea - Wallan,2010-11,40813
Keilor,2010-11,42957
Macedon Ranges,2010-11,42928
Moreland - North,2010-11,39175
Sunbury,2010-11,43886
Tullamarine - Broadmeadows,2010-11,38807
Knox,2010-11,41572
Manningham - East,2010-11,44121
Maroondah,2010-11,41719
Whitehorse - East,2010-11,41299
Yarra Ranges,2010-11,39329
Cardinia,2010-11,40606
Casey - North,2010-11,40843
Casey - South,2010-11,41446
Dandenong,2010-11,35691
Monash,2010-11,38253
Brimbank,2010-11,38038
Hobsons Bay,2010-11,45187
Maribyrnong,2010-11,42387
Melton - Bacchus Marsh,2010-11,43374
Wyndham,2010-11,44205
Frankston,2010-11,40235
Mornington Peninsula,2010-11,36827
Grampians,2010-11,35972
Mildura,2010-11,34474
Murray River - Swan Hill,2010-11,32462
Campaspe,2010-11,33419
Moira,2010-11,31731
Shepparton,2010-11,35447
Glenelg - Southern Grampians,2010-11,36904
Colac - Corangamite,2010-11,34495
Warrnambool,2010-11,37561
Migratory - Offshore - Shipping (Vic.),2010-11,NA
No usual address (Vic.),2010-11,NA
Capalaba,2010-11,43181
Cleveland - Stradbroke,2010-11,40351
Wynnum - Manly,2010-11,45472
Bald Hills - Everton Park,2010-11,45102
Chermside,2010-11,44698
Nundah,2010-11,44635
Sandgate,2010-11,43489
Carindale,2010-11,46640
Holland Park - Yeronga,2010-11,45647
Mt Gravatt,2010-11,39610
Nathan,2010-11,41274
Rocklea - Acacia Ridge,2010-11,41466
Sunnybank,2010-11,35031
Centenary,2010-11,47005
Kenmore - Brookfield - Moggill,2010-11,47131
Sherwood - Indooroopilly,2010-11,44271
The Gap - Enoggera,2010-11,46759
Brisbane Inner,2010-11,41026
Brisbane Inner - East,2010-11,50373
Brisbane Inner - North,2010-11,50438
Brisbane Inner - West,2010-11,48758
Cairns - North,2010-11,42036
Cairns - South,2010-11,39218
Innisfail - Cassowary Coast,2010-11,33283
Port Douglas - Daintree,2010-11,32657
Tablelands (East) - Kuranda,2010-11,32493
Darling Downs (West) - Maranoa,2010-11,36116
Darling Downs - East,2010-11,34213
Granite Belt,2010-11,29774
Central Highlands (Qld),2010-11,50146
Rockhampton,2010-11,42635
Biloela,2010-11,39997
Gladstone,2010-11,49388
Broadbeach - Burleigh,2010-11,36045
Coolangatta,2010-11,35298
Gold Coast - North,2010-11,35872
Gold Coast Hinterland,2010-11,34606
Mudgeeraba - Tallebudgera,2010-11,36732
Nerang,2010-11,37031
Ormeau - Oxenford,2010-11,40160
Robina,2010-11,35945
Southport,2010-11,34652
Surfers Paradise,2010-11,34173
Forest Lake - Oxley,2010-11,40530
Ipswich Hinterland,2010-11,35979
Ipswich Inner,2010-11,41992
Springfield - Redbank,2010-11,43373
Beaudesert,2010-11,35095
Beenleigh,2010-11,38193
Browns Plains,2010-11,40508
Jimboomba,2010-11,42405
Loganlea - Carbrook,2010-11,40886
Springwood - Kingston,2010-11,39536
Bowen Basin - North,2010-11,48460
Mackay,2010-11,48479
Whitsunday,2010-11,36546
Bribie - Beachmere,2010-11,31487
Caboolture,2010-11,36228
Caboolture Hinterland,2010-11,33491
Narangba - Burpengary,2010-11,39875
Redcliffe,2010-11,38805
The Hills District,2010-11,45966
North Lakes,2010-11,43967
Strathpine,2010-11,41810
Far North,2010-11,33265
Outback - North,2010-11,50708
Outback - South,2010-11,38243
Buderim,2010-11,35673
Caloundra,2010-11,34320
Maroochy,2010-11,34334
Noosa,2010-11,31525
Sunshine Coast Hinterland,2010-11,31770
Nambour,2010-11,34427
Noosa Hinterland,2010-11,31201
Toowoomba,2010-11,38668
Charters Towers - Ayr - Ingham,2010-11,38025
Townsville,2010-11,46123
Bundaberg,2010-11,33413
Burnett,2010-11,28907
Gympie - Cooloola,2010-11,30722
Hervey Bay,2010-11,31310
Maryborough,2010-11,34059
Migratory - Offshore - Shipping (Qld),2010-11,NA
No usual address (Qld),2010-11,NA
Adelaide City,2010-11,42335
Adelaide Hills,2010-11,41428
Burnside,2010-11,47878
Campbelltown (SA),2010-11,39285
Norwood - Payneham - St Peters,2010-11,43557
Prospect - Walkerville,2010-11,45693
Unley,2010-11,48213
Gawler - Two Wells,2010-11,40429
Playford,2010-11,38090
Port Adelaide - East,2010-11,39058
Salisbury,2010-11,39518
Tea Tree Gully,2010-11,42111
Holdfast Bay,2010-11,43836
Marion,2010-11,40708
Mitcham,2010-11,43533
Onkaparinga,2010-11,39346
Charles Sturt,2010-11,40333
Port Adelaide - West,2010-11,40635
West Torrens,2010-11,40056
Barossa,2010-11,39390
Lower North,2010-11,36309
Mid North,2010-11,37528
Yorke Peninsula,2010-11,33840
Eyre Peninsula and South West,2010-11,40927
Outback - North and East,2010-11,45372
Fleurieu - Kangaroo Island,2010-11,30848
Limestone Coast,2010-11,37138
Murray and Mallee,2010-11,33345
Migratory - Offshore - Shipping (SA),2010-11,NA
No usual address (SA),2010-11,NA
Augusta - Margaret River - Busselton,2010-11,35109
Bunbury,2010-11,43822
Manjimup,2010-11,33963
Mandurah,2010-11,39226
Cottesloe - Claremont,2010-11,54231
Perth City,2010-11,48560
Bayswater - Bassendean,2010-11,45045
Mundaring,2010-11,44691
Swan,2010-11,45068
Joondalup,2010-11,45609
Stirling,2010-11,45664
Wanneroo,2010-11,44274
Armadale,2010-11,44647
Belmont - Victoria Park,2010-11,45861
Canning,2010-11,41855
Gosnells,2010-11,43804
Kalamunda,2010-11,46128
Serpentine - Jarrahdale,2010-11,46561
South Perth,2010-11,49354
Cockburn,2010-11,47191
Fremantle,2010-11,46701
Kwinana,2010-11,45768
Melville,2010-11,45734
Rockingham,2010-11,46095
Albany,2010-11,34511
Wheat Belt - North,2010-11,37343
Wheat Belt - South,2010-11,35241
Kimberley,2010-11,45723
East Pilbara,2010-11,69071
West Pilbara,2010-11,73360
Esperance,2010-11,38665
Gascoyne,2010-11,39967
Goldfields,2010-11,55299
Mid West,2010-11,42344
Migratory - Offshore - Shipping (WA),2010-11,NA
No usual address (WA),2010-11,NA
Brighton,2010-11,38102
Hobart - North East,2010-11,40810
Hobart - North West,2010-11,38284
Hobart - South and West,2010-11,40740
Hobart Inner,2010-11,42053
Sorell - Dodges Ferry,2010-11,37679
Launceston,2010-11,38333
Meander Valley - West Tamar,2010-11,34450
North East,2010-11,34698
Central Highlands (Tas.),2010-11,34975
Huon - Bruny Island,2010-11,32488
South East Coast,2010-11,28110
Burnie - Ulverstone,2010-11,36912
Devonport,2010-11,35998
West Coast,2010-11,38240
Migratory - Offshore - Shipping (Tas.),2010-11,NA
No usual address (Tas.),2010-11,NA
Darwin City,2010-11,49335
Darwin Suburbs,2010-11,49958
Litchfield,2010-11,50365
Palmerston,2010-11,52286
Alice Springs,2010-11,46027
Barkly,2010-11,43069
Daly - Tiwi - West Arnhem,2010-11,35687
East Arnhem,2010-11,53190
Katherine,2010-11,47237
Migratory - Offshore - Shipping (NT),2010-11,NA
No usual address (NT),2010-11,NA
Belconnen,2010-11,51674
Canberra East,2010-11,44415
Gungahlin,2010-11,56514
North Canberra,2010-11,53295
South Canberra,2010-11,65317
Tuggeranong,2010-11,54003
Weston Creek,2010-11,54899
Woden Valley,2010-11,55539
Molonglo,2010-11,NA
Urriarra - Namadgi,2010-11,50845
Migratory - Offshore - Shipping (ACT),2010-11,NA
No usual address (ACT),2010-11,NA
Christmas Island,2010-11,66639
Cocos (Keeling) Islands,2010-11,45653
Jervis Bay,2010-11,45295
Norfolk Island,2010-11,12004
Migratory - Offshore - Shipping (OT),2010-11,NA
No usual address (OT),2010-11,NA
Queanbeyan,2011-12,54299
Snowy Mountains,2011-12,37863
South Coast,2011-12,32356
Goulburn - Mulwaree,2011-12,39644
Young - Yass,2011-12,40857
Gosford,2011-12,40077
Wyong,2011-12,39195
Bathurst,2011-12,42997
Lachlan Valley,2011-12,35428
Lithgow - Mudgee,2011-12,39486
Orange,2011-12,44112
Clarence Valley,2011-12,30579
Coffs Harbour,2011-12,33806
Bourke - Cobar - Coonamble,2011-12,38479
Broken Hill and Far West,2011-12,41859
Dubbo,2011-12,39255
Lower Hunter,2011-12,43672
Maitland,2011-12,46572
Port Stephens,2011-12,38776
Upper Hunter,2011-12,44705
Dapto - Port Kembla,2011-12,41954
Illawarra Catchment Reserve,2011-12,NA
Kiama - Shellharbour,2011-12,42124
Wollongong,2011-12,44115
Great Lakes,2011-12,29393
Kempsey - Nambucca,2011-12,30526
Lord Howe Island,2011-12,33717
Port Macquarie,2011-12,33739
Taree - Gloucester,2011-12,33146
Albury,2011-12,40670
Lower Murray,2011-12,35827
Upper Murray exc. Albury,2011-12,35021
Armidale,2011-12,36007
Inverell - Tenterfield,2011-12,31751
Moree - Narrabri,2011-12,40492
Tamworth - Gunnedah,2011-12,38563
Lake Macquarie - East,2011-12,43696
Lake Macquarie - West,2011-12,41517
Newcastle,2011-12,45177
Richmond Valley - Coastal,2011-12,31842
Richmond Valley - Hinterland,2011-12,34539
Tweed Valley,2011-12,34256
Griffith - Murrumbidgee (West),2011-12,37250
Tumut - Tumbarumba,2011-12,39905
Wagga Wagga,2011-12,40797
Shoalhaven,2011-12,34402
Southern Highlands,2011-12,37657
Baulkham Hills,2011-12,48866
Dural - Wisemans Ferry,2011-12,43724
Hawkesbury,2011-12,42768
Rouse Hill - McGraths Hill,2011-12,49429
Blacktown,2011-12,44347
Blacktown - North,2011-12,51260
Mount Druitt,2011-12,43643
Botany,2011-12,44740
Marrickville - Sydenham - Petersham,2011-12,49391
Sydney Inner City,2011-12,47079
Eastern Suburbs - North,2011-12,56481
Eastern Suburbs - South,2011-12,50501
Bankstown,2011-12,40000
Canterbury,2011-12,36312
Hurstville,2011-12,41562
Kogarah - Rockdale,2011-12,42319
Canada Bay,2011-12,52626
Leichhardt,2011-12,62753
Strathfield - Burwood - Ashfield,2011-12,42566
Chatswood - Lane Cove,2011-12,55405
Hornsby,2011-12,47380
Ku-ring-gai,2011-12,52179
North Sydney - Mosman,2011-12,63811
Manly,2011-12,50482
Pittwater,2011-12,45004
Warringah,2011-12,47097
Camden,2011-12,50606
Campbelltown (NSW),2011-12,44348
Wollondilly,2011-12,44694
Blue Mountains,2011-12,43331
Blue Mountains - South,2011-12,NA
Penrith,2011-12,47249
Richmond - Windsor,2011-12,43774
St Marys,2011-12,45361
Auburn,2011-12,35756
Carlingford,2011-12,41863
Merrylands - Guildford,2011-12,39517
Parramatta,2011-12,44248
Pennant Hills - Epping,2011-12,47187
Ryde - Hunters Hill,2011-12,46702
Bringelly - Green Valley,2011-12,42770
Fairfield,2011-12,38657
Liverpool,2011-12,45133
Cronulla - Miranda - Caringbah,2011-12,47927
Sutherland - Menai - Heathcote,2011-12,48507
Migratory - Offshore - Shipping (NSW),2011-12,NA
No usual address (NSW),2011-12,NA
Ballarat,2011-12,40321
Creswick - Daylesford - Ballan,2011-12,37000
Maryborough - Pyrenees,2011-12,32586
Bendigo,2011-12,39791
Heathcote - Castlemaine - Kyneton,2011-12,37647
Loddon - Elmore,2011-12,32246
Barwon - West,2011-12,40350
Geelong,2011-12,41398
Surf Coast - Bellarine Peninsula,2011-12,38742
Upper Goulburn Valley,2011-12,36154
Wangaratta - Benalla,2011-12,36643
Wodonga - Alpine,2011-12,39166
Baw Baw,2011-12,38089
Gippsland - East,2011-12,33033
Gippsland - South West,2011-12,34178
Latrobe Valley,2011-12,41458
Wellington,2011-12,38273
Brunswick - Coburg,2011-12,45611
Darebin - South,2011-12,48870
Essendon,2011-12,50676
Melbourne City,2011-12,45922
Port Phillip,2011-12,55255
Stonnington - West,2011-12,56007
Yarra,2011-12,52794
Boroondara,2011-12,51550
Manningham - West,2011-12,40169
Whitehorse - West,2011-12,41675
Bayside,2011-12,52228
Glen Eira,2011-12,46852
Kingston,2011-12,45465
Stonnington - East,2011-12,53152
Banyule,2011-12,46040
Darebin - North,2011-12,40411
Nillumbik - Kinglake,2011-12,46540
Whittlesea - Wallan,2011-12,42514
Keilor,2011-12,45158
Macedon Ranges,2011-12,44845
Moreland - North,2011-12,41001
Sunbury,2011-12,45546
Tullamarine - Broadmeadows,2011-12,40314
Knox,2011-12,43102
Manningham - East,2011-12,46137
Maroondah,2011-12,43510
Whitehorse - East,2011-12,42348
Yarra Ranges,2011-12,41235
Cardinia,2011-12,42234
Casey - North,2011-12,42450
Casey - South,2011-12,42888
Dandenong,2011-12,37168
Monash,2011-12,40189
Brimbank,2011-12,39652
Hobsons Bay,2011-12,47465
Maribyrnong,2011-12,44891
Melton - Bacchus Marsh,2011-12,45001
Wyndham,2011-12,45633
Frankston,2011-12,41874
Mornington Peninsula,2011-12,38348
Grampians,2011-12,37114
Mildura,2011-12,36473
Murray River - Swan Hill,2011-12,35171
Campaspe,2011-12,35792
Moira,2011-12,34222
Shepparton,2011-12,37369
Glenelg - Southern Grampians,2011-12,38072
Colac - Corangamite,2011-12,35754
Warrnambool,2011-12,38662
Migratory - Offshore - Shipping (Vic.),2011-12,NA
No usual address (Vic.),2011-12,NA
Capalaba,2011-12,45554
Cleveland - Stradbroke,2011-12,43155
Wynnum - Manly,2011-12,48309
Bald Hills - Everton Park,2011-12,47976
Chermside,2011-12,47750
Nundah,2011-12,47634
Sandgate,2011-12,45694
Carindale,2011-12,49897
Holland Park - Yeronga,2011-12,48954
Mt Gravatt,2011-12,42125
Nathan,2011-12,43607
Rocklea - Acacia Ridge,2011-12,43305
Sunnybank,2011-12,36499
Centenary,2011-12,48900
Kenmore - Brookfield - Moggill,2011-12,51040
Sherwood - Indooroopilly,2011-12,47694
The Gap - Enoggera,2011-12,48726
Brisbane Inner,2011-12,44412
Brisbane Inner - East,2011-12,54660
Brisbane Inner - North,2011-12,54289
Brisbane Inner - West,2011-12,53095
Cairns - North,2011-12,45024
Cairns - South,2011-12,41330
Innisfail - Cassowary Coast,2011-12,34743
Port Douglas - Daintree,2011-12,34205
Tablelands (East) - Kuranda,2011-12,34848
Darling Downs (West) - Maranoa,2011-12,39959
Darling Downs - East,2011-12,37747
Granite Belt,2011-12,31569
Central Highlands (Qld),2011-12,53851
Rockhampton,2011-12,46472
Biloela,2011-12,44094
Gladstone,2011-12,56537
Broadbeach - Burleigh,2011-12,38530
Coolangatta,2011-12,37601
Gold Coast - North,2011-12,37793
Gold Coast Hinterland,2011-12,36991
Mudgeeraba - Tallebudgera,2011-12,39264
Nerang,2011-12,39036
Ormeau - Oxenford,2011-12,42544
Robina,2011-12,37598
Southport,2011-12,36522
Surfers Paradise,2011-12,36315
Forest Lake - Oxley,2011-12,43033
Ipswich Hinterland,2011-12,38368
Ipswich Inner,2011-12,44116
Springfield - Redbank,2011-12,45718
Beaudesert,2011-12,37019
Beenleigh,2011-12,40360
Browns Plains,2011-12,42645
Jimboomba,2011-12,45228
Loganlea - Carbrook,2011-12,43169
Springwood - Kingston,2011-12,41783
Bowen Basin - North,2011-12,53000
Mackay,2011-12,52359
Whitsunday,2011-12,40434
Bribie - Beachmere,2011-12,33643
Caboolture,2011-12,37963
Caboolture Hinterland,2011-12,35840
Narangba - Burpengary,2011-12,42056
Redcliffe,2011-12,41042
The Hills District,2011-12,48720
North Lakes,2011-12,46273
Strathpine,2011-12,43751
Far North,2011-12,35408
Outback - North,2011-12,54540
Outback - South,2011-12,40630
Buderim,2011-12,38058
Caloundra,2011-12,36966
Maroochy,2011-12,36752
Noosa,2011-12,34285
Sunshine Coast Hinterland,2011-12,34259
Nambour,2011-12,37164
Noosa Hinterland,2011-12,33173
Toowoomba,2011-12,41329
Charters Towers - Ayr - Ingham,2011-12,42069
Townsville,2011-12,48552
Bundaberg,2011-12,36014
Burnett,2011-12,31500
Gympie - Cooloola,2011-12,33035
Hervey Bay,2011-12,34184
Maryborough,2011-12,36295
Migratory - Offshore - Shipping (Qld),2011-12,NA
No usual address (Qld),2011-12,NA
Adelaide City,2011-12,44714
Adelaide Hills,2011-12,43407
Burnside,2011-12,50184
Campbelltown (SA),2011-12,41109
Norwood - Payneham - St Peters,2011-12,46349
Prospect - Walkerville,2011-12,48060
Unley,2011-12,50620
Gawler - Two Wells,2011-12,42346
Playford,2011-12,40144
Port Adelaide - East,2011-12,41008
Salisbury,2011-12,41269
Tea Tree Gully,2011-12,44080
Holdfast Bay,2011-12,46082
Marion,2011-12,42329
Mitcham,2011-12,45745
Onkaparinga,2011-12,40912
Charles Sturt,2011-12,42022
Port Adelaide - West,2011-12,42718
West Torrens,2011-12,42249
Barossa,2011-12,41424
Lower North,2011-12,37472
Mid North,2011-12,38595
Yorke Peninsula,2011-12,35471
Eyre Peninsula and South West,2011-12,43538
Outback - North and East,2011-12,49973
Fleurieu - Kangaroo Island,2011-12,32461
Limestone Coast,2011-12,38695
Murray and Mallee,2011-12,34833
Migratory - Offshore - Shipping (SA),2011-12,NA
No usual address (SA),2011-12,NA
Augusta - Margaret River - Busselton,2011-12,37376
Bunbury,2011-12,47116
Manjimup,2011-12,36126
Mandurah,2011-12,43097
Cottesloe - Claremont,2011-12,59356
Perth City,2011-12,53493
Bayswater - Bassendean,2011-12,48076
Mundaring,2011-12,48639
Swan,2011-12,48178
Joondalup,2011-12,49072
Stirling,2011-12,49119
Wanneroo,2011-12,47288
Armadale,2011-12,48044
Belmont - Victoria Park,2011-12,49144
Canning,2011-12,44655
Gosnells,2011-12,46680
Kalamunda,2011-12,50061
Serpentine - Jarrahdale,2011-12,51986
South Perth,2011-12,53325
Cockburn,2011-12,50703
Fremantle,2011-12,50110
Kwinana,2011-12,49140
Melville,2011-12,49521
Rockingham,2011-12,50067
Albany,2011-12,36924
Wheat Belt - North,2011-12,39981
Wheat Belt - South,2011-12,39320
Kimberley,2011-12,49709
East Pilbara,2011-12,74115
West Pilbara,2011-12,78558
Esperance,2011-12,40619
Gascoyne,2011-12,43621
Goldfields,2011-12,59946
Mid West,2011-12,45818
Migratory - Offshore - Shipping (WA),2011-12,NA
No usual address (WA),2011-12,NA
Brighton,2011-12,40089
Hobart - North East,2011-12,42257
Hobart - North West,2011-12,39520
Hobart - South and West,2011-12,42763
Hobart Inner,2011-12,43629
Sorell - Dodges Ferry,2011-12,39101
Launceston,2011-12,39649
Meander Valley - West Tamar,2011-12,36111
North East,2011-12,36042
Central Highlands (Tas.),2011-12,36291
Huon - Bruny Island,2011-12,33897
South East Coast,2011-12,29385
Burnie - Ulverstone,2011-12,38384
Devonport,2011-12,37312
West Coast,2011-12,39962
Migratory - Offshore - Shipping (Tas.),2011-12,NA
No usual address (Tas.),2011-12,NA
Darwin City,2011-12,52562
Darwin Suburbs,2011-12,52930
Litchfield,2011-12,54087
Palmerston,2011-12,56774
Alice Springs,2011-12,47557
Barkly,2011-12,45926
Daly - Tiwi - West Arnhem,2011-12,39230
East Arnhem,2011-12,58890
Katherine,2011-12,49244
Migratory - Offshore - Shipping (NT),2011-12,NA
No usual address (NT),2011-12,NA
Belconnen,2011-12,53998
Canberra East,2011-12,47008
Gungahlin,2011-12,59266
North Canberra,2011-12,56403
South Canberra,2011-12,67726
Tuggeranong,2011-12,56459
Weston Creek,2011-12,57233
Woden Valley,2011-12,57903
Molonglo,2011-12,60582
Urriarra - Namadgi,2011-12,51411
Migratory - Offshore - Shipping (ACT),2011-12,NA
No usual address (ACT),2011-12,NA
Christmas Island,2011-12,71902
Cocos (Keeling) Islands,2011-12,41877
Jervis Bay,2011-12,37742
Norfolk Island,2011-12,14032
Migratory - Offshore - Shipping (OT),2011-12,NA
No usual address (OT),2011-12,NA
Queanbeyan,2012-13,56376
Snowy Mountains,2012-13,38554
South Coast,2012-13,33504
Goulburn - Mulwaree,2012-13,40558
Young - Yass,2012-13,42164
Gosford,2012-13,41796
Wyong,2012-13,41021
Bathurst,2012-13,43730
Lachlan Valley,2012-13,36665
Lithgow - Mudgee,2012-13,40090
Orange,2012-13,44980
Clarence Valley,2012-13,32379
Coffs Harbour,2012-13,35589
Bourke - Cobar - Coonamble,2012-13,40403
Broken Hill and Far West,2012-13,43746
Dubbo,2012-13,40321
Lower Hunter,2012-13,44923
Maitland,2012-13,48402
Port Stephens,2012-13,40093
Upper Hunter,2012-13,46098
Dapto - Port Kembla,2012-13,43003
Illawarra Catchment Reserve,2012-13,NA
Kiama - Shellharbour,2012-13,43347
Wollongong,2012-13,46033
Great Lakes,2012-13,31568
Kempsey - Nambucca,2012-13,32031
Lord Howe Island,2012-13,35268
Port Macquarie,2012-13,35625
Taree - Gloucester,2012-13,34377
Albury,2012-13,41837
Lower Murray,2012-13,36165
Upper Murray exc. Albury,2012-13,36670
Armidale,2012-13,36701
Inverell - Tenterfield,2012-13,31657
Moree - Narrabri,2012-13,43182
Tamworth - Gunnedah,2012-13,39842
Lake Macquarie - East,2012-13,45424
Lake Macquarie - West,2012-13,43343
Newcastle,2012-13,47294
Richmond Valley - Coastal,2012-13,33607
Richmond Valley - Hinterland,2012-13,35599
Tweed Valley,2012-13,36376
Griffith - Murrumbidgee (West),2012-13,39635
Tumut - Tumbarumba,2012-13,40149
Wagga Wagga,2012-13,42404
Shoalhaven,2012-13,35761
Southern Highlands,2012-13,38778
Baulkham Hills,2012-13,51031
Dural - Wisemans Ferry,2012-13,45103
Hawkesbury,2012-13,44661
Rouse Hill - McGraths Hill,2012-13,51023
Blacktown,2012-13,45962
Blacktown - North,2012-13,53125
Mount Druitt,2012-13,45010
Botany,2012-13,46981
Marrickville - Sydenham - Petersham,2012-13,51410
Sydney Inner City,2012-13,49729
Eastern Suburbs - North,2012-13,59148
Eastern Suburbs - South,2012-13,52490
Bankstown,2012-13,41600
Canterbury,2012-13,37952
Hurstville,2012-13,42929
Kogarah - Rockdale,2012-13,44074
Canada Bay,2012-13,54370
Leichhardt,2012-13,66317
Strathfield - Burwood - Ashfield,2012-13,44716
Chatswood - Lane Cove,2012-13,57417
Hornsby,2012-13,48828
Ku-ring-gai,2012-13,54317
North Sydney - Mosman,2012-13,66346
Manly,2012-13,53637
Pittwater,2012-13,46899
Warringah,2012-13,48994
Camden,2012-13,52463
Campbelltown (NSW),2012-13,45615
Wollondilly,2012-13,46683
Blue Mountains,2012-13,44944
Blue Mountains - South,2012-13,NA
Penrith,2012-13,49328
Richmond - Windsor,2012-13,45177
St Marys,2012-13,46785
Auburn,2012-13,37240
Carlingford,2012-13,43664
Merrylands - Guildford,2012-13,40859
Parramatta,2012-13,46263
Pennant Hills - Epping,2012-13,49315
Ryde - Hunters Hill,2012-13,48632
Bringelly - Green Valley,2012-13,44690
Fairfield,2012-13,40107
Liverpool,2012-13,46756
Cronulla - Miranda - Caringbah,2012-13,49718
Sutherland - Menai - Heathcote,2012-13,50495
Migratory - Offshore - Shipping (NSW),2012-13,NA
No usual address (NSW),2012-13,NA
Ballarat,2012-13,41870
Creswick - Daylesford - Ballan,2012-13,37938
Maryborough - Pyrenees,2012-13,33969
Bendigo,2012-13,41218
Heathcote - Castlemaine - Kyneton,2012-13,38681
Loddon - Elmore,2012-13,35450
Barwon - West,2012-13,41130
Geelong,2012-13,42828
Surf Coast - Bellarine Peninsula,2012-13,40006
Upper Goulburn Valley,2012-13,36978
Wangaratta - Benalla,2012-13,37282
Wodonga - Alpine,2012-13,40349
Baw Baw,2012-13,38536
Gippsland - East,2012-13,34211
Gippsland - South West,2012-13,33206
Latrobe Valley,2012-13,42917
Wellington,2012-13,38197
Brunswick - Coburg,2012-13,47160
Darebin - South,2012-13,50283
Essendon,2012-13,52384
Melbourne City,2012-13,46981
Port Phillip,2012-13,57039
Stonnington - West,2012-13,57899
Yarra,2012-13,54453
Boroondara,2012-13,53695
Manningham - West,2012-13,41597
Whitehorse - West,2012-13,43315
Bayside,2012-13,53879
Glen Eira,2012-13,49217
Kingston,2012-13,47176
Stonnington - East,2012-13,55782
Banyule,2012-13,47551
Darebin - North,2012-13,42031
Nillumbik - Kinglake,2012-13,47984
Whittlesea - Wallan,2012-13,44035
Keilor,2012-13,46526
Macedon Ranges,2012-13,45464
Moreland - North,2012-13,42837
Sunbury,2012-13,47009
Tullamarine - Broadmeadows,2012-13,41654
Knox,2012-13,44268
Manningham - East,2012-13,47884
Maroondah,2012-13,44999
Whitehorse - East,2012-13,43865
Yarra Ranges,2012-13,42429
Cardinia,2012-13,43578
Casey - North,2012-13,43686
Casey - South,2012-13,44330
Dandenong,2012-13,38411
Monash,2012-13,41796
Brimbank,2012-13,40792
Hobsons Bay,2012-13,49631
Maribyrnong,2012-13,46544
Melton - Bacchus Marsh,2012-13,46333
Wyndham,2012-13,46861
Frankston,2012-13,43217
Mornington Peninsula,2012-13,39518
Grampians,2012-13,38332
Mildura,2012-13,37809
Murray River - Swan Hill,2012-13,36519
Campaspe,2012-13,36759
Moira,2012-13,35558
Shepparton,2012-13,38254
Glenelg - Southern Grampians,2012-13,36343
Colac - Corangamite,2012-13,34313
Warrnambool,2012-13,38614
Migratory - Offshore - Shipping (Vic.),2012-13,NA
No usual address (Vic.),2012-13,NA
Capalaba,2012-13,47260
Cleveland - Stradbroke,2012-13,45153
Wynnum - Manly,2012-13,50292
Bald Hills - Everton Park,2012-13,49740
Chermside,2012-13,49767
Nundah,2012-13,49841
Sandgate,2012-13,47591
Carindale,2012-13,52295
Holland Park - Yeronga,2012-13,50640
Mt Gravatt,2012-13,43713
Nathan,2012-13,45746
Rocklea - Acacia Ridge,2012-13,44757
Sunnybank,2012-13,37288
Centenary,2012-13,51185
Kenmore - Brookfield - Moggill,2012-13,53071
Sherwood - Indooroopilly,2012-13,49628
The Gap - Enoggera,2012-13,50682
Brisbane Inner,2012-13,46787
Brisbane Inner - East,2012-13,57183
Brisbane Inner - North,2012-13,56159
Brisbane Inner - West,2012-13,55695
Cairns - North,2012-13,46635
Cairns - South,2012-13,42478
Innisfail - Cassowary Coast,2012-13,35335
Port Douglas - Daintree,2012-13,35437
Tablelands (East) - Kuranda,2012-13,35780
Darling Downs (West) - Maranoa,2012-13,41005
Darling Downs - East,2012-13,40382
Granite Belt,2012-13,32531
Central Highlands (Qld),2012-13,56436
Rockhampton,2012-13,48119
Biloela,2012-13,45512
Gladstone,2012-13,61906
Broadbeach - Burleigh,2012-13,40633
Coolangatta,2012-13,39438
Gold Coast - North,2012-13,39620
Gold Coast Hinterland,2012-13,38762
Mudgeeraba - Tallebudgera,2012-13,40992
Nerang,2012-13,41094
Ormeau - Oxenford,2012-13,44228
Robina,2012-13,39847
Southport,2012-13,38126
Surfers Paradise,2012-13,37347
Forest Lake - Oxley,2012-13,44355
Ipswich Hinterland,2012-13,39830
Ipswich Inner,2012-13,45860
Springfield - Redbank,2012-13,47325
Beaudesert,2012-13,38859
Beenleigh,2012-13,42173
Browns Plains,2012-13,43892
Jimboomba,2012-13,46833
Loganlea - Carbrook,2012-13,44988
Springwood - Kingston,2012-13,43183
Bowen Basin - North,2012-13,54828
Mackay,2012-13,54902
Whitsunday,2012-13,42793
Bribie - Beachmere,2012-13,35803
Caboolture,2012-13,39387
Caboolture Hinterland,2012-13,37615
Narangba - Burpengary,2012-13,44048
Redcliffe,2012-13,42769
The Hills District,2012-13,50528
North Lakes,2012-13,47889
Strathpine,2012-13,44911
Far North,2012-13,38006
Outback - North,2012-13,57451
Outback - South,2012-13,40751
Buderim,2012-13,40123
Caloundra,2012-13,39208
Maroochy,2012-13,38307
Noosa,2012-13,36264
Sunshine Coast Hinterland,2012-13,36175
Nambour,2012-13,38439
Noosa Hinterland,2012-13,35226
Toowoomba,2012-13,43528
Charters Towers - Ayr - Ingham,2012-13,42457
Townsville,2012-13,50753
Bundaberg,2012-13,38059
Burnett,2012-13,32299
Gympie - Cooloola,2012-13,34317
Hervey Bay,2012-13,36509
Maryborough,2012-13,37485
Migratory - Offshore - Shipping (Qld),2012-13,NA
No usual address (Qld),2012-13,NA
Adelaide City,2012-13,47675
Adelaide Hills,2012-13,45127
Burnside,2012-13,52100
Campbelltown (SA),2012-13,42710
Norwood - Payneham - St Peters,2012-13,48165
Prospect - Walkerville,2012-13,49756
Unley,2012-13,52588
Gawler - Two Wells,2012-13,44062
Playford,2012-13,41491
Port Adelaide - East,2012-13,42879
Salisbury,2012-13,42646
Tea Tree Gully,2012-13,45622
Holdfast Bay,2012-13,47684
Marion,2012-13,44423
Mitcham,2012-13,47984
Onkaparinga,2012-13,42662
Charles Sturt,2012-13,44009
Port Adelaide - West,2012-13,44257
West Torrens,2012-13,43767
Barossa,2012-13,42936
Lower North,2012-13,37585
Mid North,2012-13,38846
Yorke Peninsula,2012-13,36015
Eyre Peninsula and South West,2012-13,44050
Outback - North and East,2012-13,50461
Fleurieu - Kangaroo Island,2012-13,32942
Limestone Coast,2012-13,38995
Murray and Mallee,2012-13,35779
Migratory - Offshore - Shipping (SA),2012-13,NA
No usual address (SA),2012-13,NA
Augusta - Margaret River - Busselton,2012-13,39454
Bunbury,2012-13,49087
Manjimup,2012-13,36614
Mandurah,2012-13,46530
Cottesloe - Claremont,2012-13,63140
Perth City,2012-13,58081
Bayswater - Bassendean,2012-13,50996
Mundaring,2012-13,51213
Swan,2012-13,51321
Joondalup,2012-13,52635
Stirling,2012-13,52172
Wanneroo,2012-13,50296
Armadale,2012-13,51093
Belmont - Victoria Park,2012-13,52390
Canning,2012-13,46932
Gosnells,2012-13,49269
Kalamunda,2012-13,52616
Serpentine - Jarrahdale,2012-13,53882
South Perth,2012-13,56822
Cockburn,2012-13,53922
Fremantle,2012-13,53846
Kwinana,2012-13,52309
Melville,2012-13,52523
Rockingham,2012-13,53834
Albany,2012-13,38527
Wheat Belt - North,2012-13,43853
Wheat Belt - South,2012-13,43375
Kimberley,2012-13,52032
East Pilbara,2012-13,82458
West Pilbara,2012-13,82513
Esperance,2012-13,43029
Gascoyne,2012-13,43836
Goldfields,2012-13,64147
Mid West,2012-13,49351
Migratory - Offshore - Shipping (WA),2012-13,NA
No usual address (WA),2012-13,NA
Brighton,2012-13,41491
Hobart - North East,2012-13,43623
Hobart - North West,2012-13,40740
Hobart - South and West,2012-13,44162
Hobart Inner,2012-13,45537
Sorell - Dodges Ferry,2012-13,40224
Launceston,2012-13,41220
Meander Valley - West Tamar,2012-13,36280
North East,2012-13,36523
Central Highlands (Tas.),2012-13,36591
Huon - Bruny Island,2012-13,35204
South East Coast,2012-13,29822
Burnie - Ulverstone,2012-13,39929
Devonport,2012-13,38658
West Coast,2012-13,40003
Migratory - Offshore - Shipping (Tas.),2012-13,NA
No usual address (Tas.),2012-13,NA
Darwin City,2012-13,54408
Darwin Suburbs,2012-13,55614
Litchfield,2012-13,57258
Palmerston,2012-13,60396
Alice Springs,2012-13,49548
Barkly,2012-13,46696
Daly - Tiwi - West Arnhem,2012-13,42240
East Arnhem,2012-13,62938
Katherine,2012-13,50581
Migratory - Offshore - Shipping (NT),2012-13,NA
No usual address (NT),2012-13,NA
Belconnen,2012-13,56391
Canberra East,2012-13,47450
Gungahlin,2012-13,61562
North Canberra,2012-13,58609
South Canberra,2012-13,71469
Tuggeranong,2012-13,58620
Weston Creek,2012-13,59402
Woden Valley,2012-13,60133
Molonglo,2012-13,79102
Urriarra - Namadgi,2012-13,51561
Migratory - Offshore - Shipping (ACT),2012-13,NA
No usual address (ACT),2012-13,NA
Christmas Island,2012-13,76269
Cocos (Keeling) Islands,2012-13,46781
Jervis Bay,2012-13,48484
Norfolk Island,2012-13,12204
Migratory - Offshore - Shipping (OT),2012-13,NA
No usual address (OT),2012-13,NA
Queanbeyan,2013-14,57185
Snowy Mountains,2013-14,39826
South Coast,2013-14,34767
Goulburn - Mulwaree,2013-14,41732
Young - Yass,2013-14,43420
Gosford,2013-14,42865
Wyong,2013-14,42144
Bathurst,2013-14,44775
Lachlan Valley,2013-14,38212
Lithgow - Mudgee,2013-14,41013
Orange,2013-14,45783
Clarence Valley,2013-14,33742
Coffs Harbour,2013-14,36972
Bourke - Cobar - Coonamble,2013-14,40656
Broken Hill and Far West,2013-14,45165
Dubbo,2013-14,41361
Lower Hunter,2013-14,45127
Maitland,2013-14,48733
Port Stephens,2013-14,40456
Upper Hunter,2013-14,46427
Dapto - Port Kembla,2013-14,44280
Illawarra Catchment Reserve,2013-14,NA
Kiama - Shellharbour,2013-14,44508
Wollongong,2013-14,47178
Great Lakes,2013-14,32260
Kempsey - Nambucca,2013-14,33436
Lord Howe Island,2013-14,36198
Port Macquarie,2013-14,36725
Taree - Gloucester,2013-14,34964
Albury,2013-14,42849
Lower Murray,2013-14,37456
Upper Murray exc. Albury,2013-14,38005
Armidale,2013-14,37165
Inverell - Tenterfield,2013-14,32348
Moree - Narrabri,2013-14,42808
Tamworth - Gunnedah,2013-14,41176
Lake Macquarie - East,2013-14,45979
Lake Macquarie - West,2013-14,43797
Newcastle,2013-14,47850
Richmond Valley - Coastal,2013-14,34992
Richmond Valley - Hinterland,2013-14,36906
Tweed Valley,2013-14,37377
Griffith - Murrumbidgee (West),2013-14,40956
Tumut - Tumbarumba,2013-14,41236
Wagga Wagga,2013-14,43783
Shoalhaven,2013-14,36858
Southern Highlands,2013-14,39714
Baulkham Hills,2013-14,51959
Dural - Wisemans Ferry,2013-14,46070
Hawkesbury,2013-14,46378
Rouse Hill - McGraths Hill,2013-14,52901
Blacktown,2013-14,46790
Blacktown - North,2013-14,54388
Mount Druitt,2013-14,45754
Botany,2013-14,48350
Marrickville - Sydenham - Petersham,2013-14,53095
Sydney Inner City,2013-14,51534
Eastern Suburbs - North,2013-14,61503
Eastern Suburbs - South,2013-14,54468
Bankstown,2013-14,42162
Canterbury,2013-14,38879
Hurstville,2013-14,43763
Kogarah - Rockdale,2013-14,45108
Canada Bay,2013-14,55222
Leichhardt,2013-14,67719
Strathfield - Burwood - Ashfield,2013-14,45977
Chatswood - Lane Cove,2013-14,58525
Hornsby,2013-14,49952
Ku-ring-gai,2013-14,56155
North Sydney - Mosman,2013-14,68424
Manly,2013-14,59417
Pittwater,2013-14,48609
Warringah,2013-14,50526
Camden,2013-14,53815
Campbelltown (NSW),2013-14,46421
Wollondilly,2013-14,48140
Blue Mountains,2013-14,45838
Blue Mountains - South,2013-14,NA
Penrith,2013-14,50464
Richmond - Windsor,2013-14,46188
St Marys,2013-14,47417
Auburn,2013-14,37630
Carlingford,2013-14,44894
Merrylands - Guildford,2013-14,41428
Parramatta,2013-14,47471
Pennant Hills - Epping,2013-14,50400
Ryde - Hunters Hill,2013-14,49809
Bringelly - Green Valley,2013-14,46139
Fairfield,2013-14,40766
Liverpool,2013-14,47158
Cronulla - Miranda - Caringbah,2013-14,50909
Sutherland - Menai - Heathcote,2013-14,52078
Migratory - Offshore - Shipping (NSW),2013-14,NA
No usual address (NSW),2013-14,NA
Ballarat,2013-14,42918
Creswick - Daylesford - Ballan,2013-14,38801
Maryborough - Pyrenees,2013-14,35023
Bendigo,2013-14,42144
Heathcote - Castlemaine - Kyneton,2013-14,39795
Loddon - Elmore,2013-14,36274
Barwon - West,2013-14,42249
Geelong,2013-14,43611
Surf Coast - Bellarine Peninsula,2013-14,41304
Upper Goulburn Valley,2013-14,37453
Wangaratta - Benalla,2013-14,38833
Wodonga - Alpine,2013-14,41854
Baw Baw,2013-14,40516
Gippsland - East,2013-14,35285
Gippsland - South West,2013-14,34949
Latrobe Valley,2013-14,43964
Wellington,2013-14,40782
Brunswick - Coburg,2013-14,47638
Darebin - South,2013-14,51911
Essendon,2013-14,53053
Melbourne City,2013-14,47784
Port Phillip,2013-14,57498
Stonnington - West,2013-14,59039
Yarra,2013-14,55698
Boroondara,2013-14,55075
Manningham - West,2013-14,41766
Whitehorse - West,2013-14,44059
Bayside,2013-14,55569
Glen Eira,2013-14,50482
Kingston,2013-14,48481
Stonnington - East,2013-14,57316
Banyule,2013-14,48840
Darebin - North,2013-14,42572
Nillumbik - Kinglake,2013-14,49090
Whittlesea - Wallan,2013-14,44817
Keilor,2013-14,47903
Macedon Ranges,2013-14,47239
Moreland - North,2013-14,43593
Sunbury,2013-14,47653
Tullamarine - Broadmeadows,2013-14,42238
Knox,2013-14,45214
Manningham - East,2013-14,48693
Maroondah,2013-14,45866
Whitehorse - East,2013-14,45053
Yarra Ranges,2013-14,43553
Cardinia,2013-14,44720
Casey - North,2013-14,44308
Casey - South,2013-14,45225
Dandenong,2013-14,39085
Monash,2013-14,42827
Brimbank,2013-14,41377
Hobsons Bay,2013-14,50867
Maribyrnong,2013-14,47362
Melton - Bacchus Marsh,2013-14,47056
Wyndham,2013-14,47367
Frankston,2013-14,44371
Mornington Peninsula,2013-14,40529
Grampians,2013-14,39933
Mildura,2013-14,39032
Murray River - Swan Hill,2013-14,37482
Campaspe,2013-14,38686
Moira,2013-14,37281
Shepparton,2013-14,39795
Glenelg - Southern Grampians,2013-14,38130
Colac - Corangamite,2013-14,37935
Warrnambool,2013-14,40594
Migratory - Offshore - Shipping (Vic.),2013-14,NA
No usual address (Vic.),2013-14,NA
Capalaba,2013-14,48245
Cleveland - Stradbroke,2013-14,46289
Wynnum - Manly,2013-14,51565
Bald Hills - Everton Park,2013-14,51047
Chermside,2013-14,50903
Nundah,2013-14,51181
Sandgate,2013-14,48831
Carindale,2013-14,53245
Holland Park - Yeronga,2013-14,51891
Mt Gravatt,2013-14,44592
Nathan,2013-14,46544
Rocklea - Acacia Ridge,2013-14,45458
Sunnybank,2013-14,37300
Centenary,2013-14,51539
Kenmore - Brookfield - Moggill,2013-14,54100
Sherwood - Indooroopilly,2013-14,50896
The Gap - Enoggera,2013-14,52299
Brisbane Inner,2013-14,47677
Brisbane Inner - East,2013-14,59156
Brisbane Inner - North,2013-14,56787
Brisbane Inner - West,2013-14,56487
Cairns - North,2013-14,47411
Cairns - South,2013-14,43015
Innisfail - Cassowary Coast,2013-14,36530
Port Douglas - Daintree,2013-14,37119
Tablelands (East) - Kuranda,2013-14,36291
Darling Downs (West) - Maranoa,2013-14,40944
Darling Downs - East,2013-14,41101
Granite Belt,2013-14,34225
Central Highlands (Qld),2013-14,54528
Rockhampton,2013-14,48614
Biloela,2013-14,45740
Gladstone,2013-14,60547
Broadbeach - Burleigh,2013-14,42080
Coolangatta,2013-14,40665
Gold Coast - North,2013-14,40924
Gold Coast Hinterland,2013-14,40122
Mudgeeraba - Tallebudgera,2013-14,42606
Nerang,2013-14,42417
Ormeau - Oxenford,2013-14,45594
Robina,2013-14,40795
Southport,2013-14,39311
Surfers Paradise,2013-14,38060
Forest Lake - Oxley,2013-14,44692
Ipswich Hinterland,2013-14,40735
Ipswich Inner,2013-14,47044
Springfield - Redbank,2013-14,48182
Beaudesert,2013-14,39553
Beenleigh,2013-14,43177
Browns Plains,2013-14,44860
Jimboomba,2013-14,48075
Loganlea - Carbrook,2013-14,45645
Springwood - Kingston,2013-14,43791
Bowen Basin - North,2013-14,54206
Mackay,2013-14,54076
Whitsunday,2013-14,42244
Bribie - Beachmere,2013-14,36626
Caboolture,2013-14,40491
Caboolture Hinterland,2013-14,38314
Narangba - Burpengary,2013-14,44948
Redcliffe,2013-14,43954
The Hills District,2013-14,52141
North Lakes,2013-14,49333
Strathpine,2013-14,45645
Far North,2013-14,38279
Outback - North,2013-14,57969
Outback - South,2013-14,40737
Buderim,2013-14,41437
Caloundra,2013-14,40678
Maroochy,2013-14,39526
Noosa,2013-14,37000
Sunshine Coast Hinterland,2013-14,37461
Nambour,2013-14,39172
Noosa Hinterland,2013-14,36164
Toowoomba,2013-14,44941
Charters Towers - Ayr - Ingham,2013-14,41705
Townsville,2013-14,51010
Bundaberg,2013-14,38465
Burnett,2013-14,33177
Gympie - Cooloola,2013-14,35295
Hervey Bay,2013-14,37561
Maryborough,2013-14,38248
Migratory - Offshore - Shipping (Qld),2013-14,NA
No usual address (Qld),2013-14,NA
Adelaide City,2013-14,49544
Adelaide Hills,2013-14,46590
Burnside,2013-14,53994
Campbelltown (SA),2013-14,44205
Norwood - Payneham - St Peters,2013-14,49461
Prospect - Walkerville,2013-14,51785
Unley,2013-14,53739
Gawler - Two Wells,2013-14,45560
Playford,2013-14,42468
Port Adelaide - East,2013-14,44237
Salisbury,2013-14,43631
Tea Tree Gully,2013-14,46700
Holdfast Bay,2013-14,49529
Marion,2013-14,45801
Mitcham,2013-14,49105
Onkaparinga,2013-14,43641
Charles Sturt,2013-14,45380
Port Adelaide - West,2013-14,45000
West Torrens,2013-14,45027
Barossa,2013-14,44003
Lower North,2013-14,39384
Mid North,2013-14,41230
Yorke Peninsula,2013-14,37869
Eyre Peninsula and South West,2013-14,45716
Outback - North and East,2013-14,50840
Fleurieu - Kangaroo Island,2013-14,34304
Limestone Coast,2013-14,40788
Murray and Mallee,2013-14,36818
Migratory - Offshore - Shipping (SA),2013-14,NA
No usual address (SA),2013-14,NA
Augusta - Margaret River - Busselton,2013-14,40435
Bunbury,2013-14,49941
Manjimup,2013-14,37484
Mandurah,2013-14,47942
Cottesloe - Claremont,2013-14,64861
Perth City,2013-14,59167
Bayswater - Bassendean,2013-14,52105
Mundaring,2013-14,51582
Swan,2013-14,52379
Joondalup,2013-14,53812
Stirling,2013-14,53372
Wanneroo,2013-14,51052
Armadale,2013-14,52020
Belmont - Victoria Park,2013-14,52764
Canning,2013-14,47224
Gosnells,2013-14,49530
Kalamunda,2013-14,53549
Serpentine - Jarrahdale,2013-14,54949
South Perth,2013-14,57673
Cockburn,2013-14,54913
Fremantle,2013-14,56258
Kwinana,2013-14,53147
Melville,2013-14,53462
Rockingham,2013-14,55135
Albany,2013-14,40556
Wheat Belt - North,2013-14,46705
Wheat Belt - South,2013-14,49051
Kimberley,2013-14,53064
East Pilbara,2013-14,83477
West Pilbara,2013-14,86523
Esperance,2013-14,46085
Gascoyne,2013-14,45049
Goldfields,2013-14,64065
Mid West,2013-14,48950
Migratory - Offshore - Shipping (WA),2013-14,NA
No usual address (WA),2013-14,NA
Brighton,2013-14,42706
Hobart - North East,2013-14,45258
Hobart - North West,2013-14,42103
Hobart - South and West,2013-14,45709
Hobart Inner,2013-14,46937
Sorell - Dodges Ferry,2013-14,41155
Launceston,2013-14,42347
Meander Valley - West Tamar,2013-14,37797
North East,2013-14,38111
Central Highlands (Tas.),2013-14,38080
Huon - Bruny Island,2013-14,36696
South East Coast,2013-14,31087
Burnie - Ulverstone,2013-14,41069
Devonport,2013-14,39395
West Coast,2013-14,42175
Migratory - Offshore - Shipping (Tas.),2013-14,NA
No usual address (Tas.),2013-14,NA
Darwin City,2013-14,56545
Darwin Suburbs,2013-14,57908
Litchfield,2013-14,60512
Palmerston,2013-14,62753
Alice Springs,2013-14,50664
Barkly,2013-14,48547
Daly - Tiwi - West Arnhem,2013-14,42749
East Arnhem,2013-14,60486
Katherine,2013-14,51985
Migratory - Offshore - Shipping (NT),2013-14,NA
No usual address (NT),2013-14,NA
Belconnen,2013-14,56691
Canberra East,2013-14,50420
Gungahlin,2013-14,62317
North Canberra,2013-14,61228
South Canberra,2013-14,73784
Tuggeranong,2013-14,59169
Weston Creek,2013-14,60535
Woden Valley,2013-14,61342
Molonglo,2013-14,77434
Urriarra - Namadgi,2013-14,52290
Migratory - Offshore - Shipping (ACT),2013-14,NA
No usual address (ACT),2013-14,NA
Christmas Island,2013-14,78411
Cocos (Keeling) Islands,2013-14,45331
Jervis Bay,2013-14,45768
Norfolk Island,2013-14,15549
Migratory - Offshore - Shipping (OT),2013-14,NA
No usual address (OT),2013-14,NA
Queanbeyan,2014-15,58463
Snowy Mountains,2014-15,40727
South Coast,2014-15,35359
Goulburn - Mulwaree,2014-15,43488
Young - Yass,2014-15,45382
Gosford,2014-15,44208
Wyong,2014-15,43137
Bathurst,2014-15,46279
Lachlan Valley,2014-15,40164
Lithgow - Mudgee,2014-15,41919
Orange,2014-15,47103
Clarence Valley,2014-15,35117
Coffs Harbour,2014-15,37936
Bourke - Cobar - Coonamble,2014-15,43628
Broken Hill and Far West,2014-15,46508
Dubbo,2014-15,43185
Lower Hunter,2014-15,45736
Maitland,2014-15,49381
Port Stephens,2014-15,41153
Upper Hunter,2014-15,46730
Dapto - Port Kembla,2014-15,45190
Illawarra Catchment Reserve,2014-15,NA
Kiama - Shellharbour,2014-15,45470
Wollongong,2014-15,48332
Great Lakes,2014-15,33337
Kempsey - Nambucca,2014-15,34190
Lord Howe Island,2014-15,36700
Port Macquarie,2014-15,38108
Taree - Gloucester,2014-15,35674
Albury,2014-15,44072
Lower Murray,2014-15,39346
Upper Murray exc. Albury,2014-15,39916
Armidale,2014-15,39037
Inverell - Tenterfield,2014-15,34442
Moree - Narrabri,2014-15,43480
Tamworth - Gunnedah,2014-15,42863
Lake Macquarie - East,2014-15,46732
Lake Macquarie - West,2014-15,44610
Newcastle,2014-15,48693
Richmond Valley - Coastal,2014-15,35872
Richmond Valley - Hinterland,2014-15,37971
Tweed Valley,2014-15,38243
Griffith - Murrumbidgee (West),2014-15,42633
Tumut - Tumbarumba,2014-15,43700
Wagga Wagga,2014-15,45447
Shoalhaven,2014-15,37950
Southern Highlands,2014-15,41011
Baulkham Hills,2014-15,52868
Dural - Wisemans Ferry,2014-15,47824
Hawkesbury,2014-15,48191
Rouse Hill - McGraths Hill,2014-15,54097
Blacktown,2014-15,47584
Blacktown - North,2014-15,55327
Mount Druitt,2014-15,46612
Botany,2014-15,49771
Marrickville - Sydenham - Petersham,2014-15,54566
Sydney Inner City,2014-15,52769
Eastern Suburbs - North,2014-15,64299
Eastern Suburbs - South,2014-15,56163
Bankstown,2014-15,42837
Canterbury,2014-15,39976
Hurstville,2014-15,44503
Kogarah - Rockdale,2014-15,45837
Canada Bay,2014-15,56264
Leichhardt,2014-15,69883
Strathfield - Burwood - Ashfield,2014-15,46848
Chatswood - Lane Cove,2014-15,60425
Hornsby,2014-15,51338
Ku-ring-gai,2014-15,57243
North Sydney - Mosman,2014-15,70579
Manly,2014-15,62394
Pittwater,2014-15,50154
Warringah,2014-15,52121
Camden,2014-15,54801
Campbelltown (NSW),2014-15,47448
Wollondilly,2014-15,49803
Blue Mountains,2014-15,46589
Blue Mountains - South,2014-15,NA
Penrith,2014-15,51778
Richmond - Windsor,2014-15,47348
St Marys,2014-15,48859
Auburn,2014-15,37969
Carlingford,2014-15,45712
Merrylands - Guildford,2014-15,42311
Parramatta,2014-15,48871
Pennant Hills - Epping,2014-15,51179
Ryde - Hunters Hill,2014-15,50737
Bringelly - Green Valley,2014-15,47507
Fairfield,2014-15,41751
Liverpool,2014-15,48503
Cronulla - Miranda - Caringbah,2014-15,52487
Sutherland - Menai - Heathcote,2014-15,53269
Migratory - Offshore - Shipping (NSW),2014-15,NA
No usual address (NSW),2014-15,NA
Ballarat,2014-15,44009
Creswick - Daylesford - Ballan,2014-15,40238
Maryborough - Pyrenees,2014-15,36495
Bendigo,2014-15,43456
Heathcote - Castlemaine - Kyneton,2014-15,40483
Loddon - Elmore,2014-15,37159
Barwon - West,2014-15,43882
Geelong,2014-15,44686
Surf Coast - Bellarine Peninsula,2014-15,42498
Upper Goulburn Valley,2014-15,38993
Wangaratta - Benalla,2014-15,40107
Wodonga - Alpine,2014-15,43526
Baw Baw,2014-15,41460
Gippsland - East,2014-15,36656
Gippsland - South West,2014-15,36228
Latrobe Valley,2014-15,45388
Wellington,2014-15,41999
Brunswick - Coburg,2014-15,49482
Darebin - South,2014-15,53084
Essendon,2014-15,54714
Melbourne City,2014-15,47298
Port Phillip,2014-15,58932
Stonnington - West,2014-15,61062
Yarra,2014-15,57449
Boroondara,2014-15,56447
Manningham - West,2014-15,42787
Whitehorse - West,2014-15,44681
Bayside,2014-15,57355
Glen Eira,2014-15,51936
Kingston,2014-15,49999
Stonnington - East,2014-15,59200
Banyule,2014-15,50398
Darebin - North,2014-15,43873
Nillumbik - Kinglake,2014-15,50300
Whittlesea - Wallan,2014-15,45586
Keilor,2014-15,49243
Macedon Ranges,2014-15,49034
Moreland - North,2014-15,44788
Sunbury,2014-15,48630
Tullamarine - Broadmeadows,2014-15,42902
Knox,2014-15,46226
Manningham - East,2014-15,49711
Maroondah,2014-15,47192
Whitehorse - East,2014-15,45527
Yarra Ranges,2014-15,44966
Cardinia,2014-15,46041
Casey - North,2014-15,45302
Casey - South,2014-15,46024
Dandenong,2014-15,39855
Monash,2014-15,43882
Brimbank,2014-15,41927
Hobsons Bay,2014-15,52469
Maribyrnong,2014-15,48594
Melton - Bacchus Marsh,2014-15,48172
Wyndham,2014-15,47926
Frankston,2014-15,45704
Mornington Peninsula,2014-15,42104
Grampians,2014-15,39014
Mildura,2014-15,40353
Murray River - Swan Hill,2014-15,37846
Campaspe,2014-15,40088
Moira,2014-15,38328
Shepparton,2014-15,41068
Glenelg - Southern Grampians,2014-15,40083
Colac - Corangamite,2014-15,39071
Warrnambool,2014-15,41610
Migratory - Offshore - Shipping (Vic.),2014-15,NA
No usual address (Vic.),2014-15,NA
Capalaba,2014-15,49189
Cleveland - Stradbroke,2014-15,47392
Wynnum - Manly,2014-15,52820
Bald Hills - Everton Park,2014-15,52075
Chermside,2014-15,52189
Nundah,2014-15,52000
Sandgate,2014-15,49981
Carindale,2014-15,54307
Holland Park - Yeronga,2014-15,52886
Mt Gravatt,2014-15,45391
Nathan,2014-15,47895
Rocklea - Acacia Ridge,2014-15,45919
Sunnybank,2014-15,37265
Centenary,2014-15,52098
Kenmore - Brookfield - Moggill,2014-15,55086
Sherwood - Indooroopilly,2014-15,51867
The Gap - Enoggera,2014-15,54145
Brisbane Inner,2014-15,48553
Brisbane Inner - East,2014-15,60085
Brisbane Inner - North,2014-15,57995
Brisbane Inner - West,2014-15,57322
Cairns - North,2014-15,48335
Cairns - South,2014-15,43715
Innisfail - Cassowary Coast,2014-15,37597
Port Douglas - Daintree,2014-15,37110
Tablelands (East) - Kuranda,2014-15,36342
Darling Downs (West) - Maranoa,2014-15,41812
Darling Downs - East,2014-15,41449
Granite Belt,2014-15,34737
Central Highlands (Qld),2014-15,55363
Rockhampton,2014-15,49483
Biloela,2014-15,47559
Gladstone,2014-15,63950
Broadbeach - Burleigh,2014-15,43085
Coolangatta,2014-15,41876
Gold Coast - North,2014-15,41561
Gold Coast Hinterland,2014-15,41036
Mudgeeraba - Tallebudgera,2014-15,43689
Nerang,2014-15,43186
Ormeau - Oxenford,2014-15,46793
Robina,2014-15,41993
Southport,2014-15,39789
Surfers Paradise,2014-15,38436
Forest Lake - Oxley,2014-15,45350
Ipswich Hinterland,2014-15,41774
Ipswich Inner,2014-15,47841
Springfield - Redbank,2014-15,48968
Beaudesert,2014-15,40324
Beenleigh,2014-15,44332
Browns Plains,2014-15,45394
Jimboomba,2014-15,48944
Loganlea - Carbrook,2014-15,46863
Springwood - Kingston,2014-15,44569
Bowen Basin - North,2014-15,52440
Mackay,2014-15,53229
Whitsunday,2014-15,42433
Bribie - Beachmere,2014-15,37134
Caboolture,2014-15,41391
Caboolture Hinterland,2014-15,39960
Narangba - Burpengary,2014-15,45979
Redcliffe,2014-15,44958
The Hills District,2014-15,53707
North Lakes,2014-15,50208
Strathpine,2014-15,46803
Far North,2014-15,40311
Outback - North,2014-15,59223
Outback - South,2014-15,42100
Buderim,2014-15,42001
Caloundra,2014-15,41413
Maroochy,2014-15,40700
Noosa,2014-15,37832
Sunshine Coast Hinterland,2014-15,38226
Nambour,2014-15,40384
Noosa Hinterland,2014-15,36490
Toowoomba,2014-15,45425
Charters Towers - Ayr - Ingham,2014-15,42806
Townsville,2014-15,51542
Bundaberg,2014-15,38758
Burnett,2014-15,33962
Gympie - Cooloola,2014-15,35558
Hervey Bay,2014-15,37536
Maryborough,2014-15,37992
Migratory - Offshore - Shipping (Qld),2014-15,NA
No usual address (Qld),2014-15,NA
Adelaide City,2014-15,49503
Adelaide Hills,2014-15,47523
Burnside,2014-15,54189
Campbelltown (SA),2014-15,45057
Norwood - Payneham - St Peters,2014-15,50383
Prospect - Walkerville,2014-15,53107
Unley,2014-15,54713
Gawler - Two Wells,2014-15,46583
Playford,2014-15,43058
Port Adelaide - East,2014-15,44706
Salisbury,2014-15,44237
Tea Tree Gully,2014-15,47593
Holdfast Bay,2014-15,50593
Marion,2014-15,46721
Mitcham,2014-15,50085
Onkaparinga,2014-15,44381
Charles Sturt,2014-15,46689
Port Adelaide - West,2014-15,45876
West Torrens,2014-15,45852
Barossa,2014-15,44771
Lower North,2014-15,41616
Mid North,2014-15,42711
Yorke Peninsula,2014-15,38724
Eyre Peninsula and South West,2014-15,46801
Outback - North and East,2014-15,52070
Fleurieu - Kangaroo Island,2014-15,35017
Limestone Coast,2014-15,42056
Murray and Mallee,2014-15,37620
Migratory - Offshore - Shipping (SA),2014-15,NA
No usual address (SA),2014-15,NA
Augusta - Margaret River - Busselton,2014-15,41447
Bunbury,2014-15,50775
Manjimup,2014-15,39250
Mandurah,2014-15,48157
Cottesloe - Claremont,2014-15,66634
Perth City,2014-15,59452
Bayswater - Bassendean,2014-15,52597
Mundaring,2014-15,51869
Swan,2014-15,53091
Joondalup,2014-15,54567
Stirling,2014-15,54208
Wanneroo,2014-15,51880
Armadale,2014-15,52834
Belmont - Victoria Park,2014-15,53233
Canning,2014-15,47370
Gosnells,2014-15,49950
Kalamunda,2014-15,54114
Serpentine - Jarrahdale,2014-15,55757
South Perth,2014-15,58608
Cockburn,2014-15,55778
Fremantle,2014-15,55976
Kwinana,2014-15,53945
Melville,2014-15,54224
Rockingham,2014-15,55604
Albany,2014-15,41895
Wheat Belt - North,2014-15,47955
Wheat Belt - South,2014-15,52827
Kimberley,2014-15,52976
East Pilbara,2014-15,84178
West Pilbara,2014-15,87933
Esperance,2014-15,46419
Gascoyne,2014-15,45735
Goldfields,2014-15,65315
Mid West,2014-15,49216
Migratory - Offshore - Shipping (WA),2014-15,NA
No usual address (WA),2014-15,NA
Brighton,2014-15,43903
Hobart - North East,2014-15,46320
Hobart - North West,2014-15,43297
Hobart - South and West,2014-15,46919
Hobart Inner,2014-15,47857
Sorell - Dodges Ferry,2014-15,42764
Launceston,2014-15,43748
Meander Valley - West Tamar,2014-15,38538
North East,2014-15,39443
Central Highlands (Tas.),2014-15,39244
Huon - Bruny Island,2014-15,37174
South East Coast,2014-15,32072
Burnie - Ulverstone,2014-15,42374
Devonport,2014-15,40717
West Coast,2014-15,42915
Migratory - Offshore - Shipping (Tas.),2014-15,NA
No usual address (Tas.),2014-15,NA
Darwin City,2014-15,58213
Darwin Suburbs,2014-15,59066
Litchfield,2014-15,61533
Palmerston,2014-15,64419
Alice Springs,2014-15,51889
Barkly,2014-15,49615
Daly - Tiwi - West Arnhem,2014-15,44170
East Arnhem,2014-15,61392
Katherine,2014-15,52586
Migratory - Offshore - Shipping (NT),2014-15,NA
No usual address (NT),2014-15,NA
Belconnen,2014-15,57351
Canberra East,2014-15,47820
Gungahlin,2014-15,62593
North Canberra,2014-15,62546
South Canberra,2014-15,75172
Tuggeranong,2014-15,59803
Weston Creek,2014-15,61715
Woden Valley,2014-15,62483
Molonglo,2014-15,74351
Urriarra - Namadgi,2014-15,55657
Migratory - Offshore - Shipping (ACT),2014-15,NA
No usual address (ACT),2014-15,NA
Christmas Island,2014-15,78399
Cocos (Keeling) Islands,2014-15,52432
Jervis Bay,2014-15,45767
Norfolk Island,2014-15,10785
Migratory - Offshore - Shipping (OT),2014-15,NA
No usual address (OT),2014-15,NA
Queanbeyan,2015-16,59836
Snowy Mountains,2015-16,41718
South Coast,2015-16,36386
Goulburn - Mulwaree,2015-16,45029
Young - Yass,2015-16,46566
Gosford,2015-16,45449
Wyong,2015-16,44481
Bathurst,2015-16,47445
Lachlan Valley,2015-16,41145
Lithgow - Mudgee,2015-16,42964
Orange,2015-16,47853
Clarence Valley,2015-16,36889
Coffs Harbour,2015-16,38935
Bourke - Cobar - Coonamble,2015-16,45590
Broken Hill and Far West,2015-16,47816
Dubbo,2015-16,44078
Lower Hunter,2015-16,46295
Maitland,2015-16,50107
Port Stephens,2015-16,41858
Upper Hunter,2015-16,48495
Dapto - Port Kembla,2015-16,46202
Illawarra Catchment Reserve,2015-16,NA
Kiama - Shellharbour,2015-16,47153
Wollongong,2015-16,49628
Great Lakes,2015-16,34767
Kempsey - Nambucca,2015-16,35533
Lord Howe Island,2015-16,41094
Port Macquarie,2015-16,39194
Taree - Gloucester,2015-16,36833
Albury,2015-16,44992
Lower Murray,2015-16,39760
Upper Murray exc. Albury,2015-16,40000
Armidale,2015-16,40532
Inverell - Tenterfield,2015-16,36768
Moree - Narrabri,2015-16,46612
Tamworth - Gunnedah,2015-16,44318
Lake Macquarie - East,2015-16,47828
Lake Macquarie - West,2015-16,45684
Newcastle,2015-16,49695
Richmond Valley - Coastal,2015-16,36878
Richmond Valley - Hinterland,2015-16,38998
Tweed Valley,2015-16,39359
Griffith - Murrumbidgee (West),2015-16,43713
Tumut - Tumbarumba,2015-16,44320
Wagga Wagga,2015-16,46695
Shoalhaven,2015-16,38802
Southern Highlands,2015-16,42502
Baulkham Hills,2015-16,53757
Dural - Wisemans Ferry,2015-16,49806
Hawkesbury,2015-16,49995
Rouse Hill - McGraths Hill,2015-16,55828
Blacktown,2015-16,48910
Blacktown - North,2015-16,56935
Mount Druitt,2015-16,48163
Botany,2015-16,51012
Marrickville - Sydenham - Petersham,2015-16,56196
Sydney Inner City,2015-16,53601
Eastern Suburbs - North,2015-16,66083
Eastern Suburbs - South,2015-16,57951
Bankstown,2015-16,43611
Canterbury,2015-16,40820
Hurstville,2015-16,45130
Kogarah - Rockdale,2015-16,46767
Canada Bay,2015-16,56933
Leichhardt,2015-16,72475
Strathfield - Burwood - Ashfield,2015-16,47847
Chatswood - Lane Cove,2015-16,61743
Hornsby,2015-16,52772
Ku-ring-gai,2015-16,58606
North Sydney - Mosman,2015-16,73088
Manly,2015-16,64358
Pittwater,2015-16,52013
Warringah,2015-16,53717
Camden,2015-16,56366
Campbelltown (NSW),2015-16,48821
Wollondilly,2015-16,51312
Blue Mountains,2015-16,47738
Blue Mountains - South,2015-16,NA
Penrith,2015-16,53318
Richmond - Windsor,2015-16,48545
St Marys,2015-16,50090
Auburn,2015-16,37741
Carlingford,2015-16,46490
Merrylands - Guildford,2015-16,42692
Parramatta,2015-16,49977
Pennant Hills - Epping,2015-16,51872
Ryde - Hunters Hill,2015-16,51708
Bringelly - Green Valley,2015-16,49146
Fairfield,2015-16,42668
Liverpool,2015-16,49209
Cronulla - Miranda - Caringbah,2015-16,54479
Sutherland - Menai - Heathcote,2015-16,54998
Migratory - Offshore - Shipping (NSW),2015-16,NA
No usual address (NSW),2015-16,NA
Ballarat,2015-16,45198
Creswick - Daylesford - Ballan,2015-16,40932
Maryborough - Pyrenees,2015-16,36413
Bendigo,2015-16,44468
Heathcote - Castlemaine - Kyneton,2015-16,42100
Loddon - Elmore,2015-16,35417
Barwon - West,2015-16,45012
Geelong,2015-16,45556
Surf Coast - Bellarine Peninsula,2015-16,43979
Upper Goulburn Valley,2015-16,39513
Wangaratta - Benalla,2015-16,41113
Wodonga - Alpine,2015-16,44090
Baw Baw,2015-16,42018
Gippsland - East,2015-16,37000
Gippsland - South West,2015-16,36250
Latrobe Valley,2015-16,46487
Wellington,2015-16,41801
Brunswick - Coburg,2015-16,51331
Darebin - South,2015-16,54847
Essendon,2015-16,55927
Melbourne City,2015-16,47340
Port Phillip,2015-16,60298
Stonnington - West,2015-16,60362
Yarra,2015-16,59232
Boroondara,2015-16,57307
Manningham - West,2015-16,43417
Whitehorse - West,2015-16,45294
Bayside,2015-16,58913
Glen Eira,2015-16,53056
Kingston,2015-16,51315
Stonnington - East,2015-16,60841
Banyule,2015-16,51515
Darebin - North,2015-16,45447
Nillumbik - Kinglake,2015-16,51847
Whittlesea - Wallan,2015-16,46814
Keilor,2015-16,50895
Macedon Ranges,2015-16,50584
Moreland - North,2015-16,46270
Sunbury,2015-16,50319
Tullamarine - Broadmeadows,2015-16,44060
Knox,2015-16,47264
Manningham - East,2015-16,51063
Maroondah,2015-16,48401
Whitehorse - East,2015-16,46442
Yarra Ranges,2015-16,46407
Cardinia,2015-16,47309
Casey - North,2015-16,46323
Casey - South,2015-16,47011
Dandenong,2015-16,40471
Monash,2015-16,44498
Brimbank,2015-16,42740
Hobsons Bay,2015-16,54352
Maribyrnong,2015-16,49523
Melton - Bacchus Marsh,2015-16,49483
Wyndham,2015-16,48563
Frankston,2015-16,47259
Mornington Peninsula,2015-16,43224
Grampians,2015-16,38463
Mildura,2015-16,41100
Murray River - Swan Hill,2015-16,37477
Campaspe,2015-16,39741
Moira,2015-16,38283
Shepparton,2015-16,41845
Glenelg - Southern Grampians,2015-16,40727
Colac - Corangamite,2015-16,38916
Warrnambool,2015-16,42487
Migratory - Offshore - Shipping (Vic.),2015-16,NA
No usual address (Vic.),2015-16,NA
Capalaba,2015-16,50266
Cleveland - Stradbroke,2015-16,48653
Wynnum - Manly,2015-16,53663
Bald Hills - Everton Park,2015-16,53145
Chermside,2015-16,53716
Nundah,2015-16,53222
Sandgate,2015-16,50284
Carindale,2015-16,55502
Holland Park - Yeronga,2015-16,53645
Mt Gravatt,2015-16,45529
Nathan,2015-16,48887
Rocklea - Acacia Ridge,2015-16,46106
Sunnybank,2015-16,37010
Centenary,2015-16,53704
Kenmore - Brookfield - Moggill,2015-16,56149
Sherwood - Indooroopilly,2015-16,52011
The Gap - Enoggera,2015-16,55242
Brisbane Inner,2015-16,48836
Brisbane Inner - East,2015-16,61017
Brisbane Inner - North,2015-16,58126
Brisbane Inner - West,2015-16,57998
Cairns - North,2015-16,49554
Cairns - South,2015-16,44512
Innisfail - Cassowary Coast,2015-16,38452
Port Douglas - Daintree,2015-16,37869
Tablelands (East) - Kuranda,2015-16,37249
Darling Downs (West) - Maranoa,2015-16,43798
Darling Downs - East,2015-16,43206
Granite Belt,2015-16,36349
Central Highlands (Qld),2015-16,55076
Rockhampton,2015-16,49378
Biloela,2015-16,48993
Gladstone,2015-16,57890
Broadbeach - Burleigh,2015-16,44121
Coolangatta,2015-16,43207
Gold Coast - North,2015-16,42441
Gold Coast Hinterland,2015-16,42356
Mudgeeraba - Tallebudgera,2015-16,45097
Nerang,2015-16,44731
Ormeau - Oxenford,2015-16,47889
Robina,2015-16,43361
Southport,2015-16,41188
Surfers Paradise,2015-16,39233
Forest Lake - Oxley,2015-16,45945
Ipswich Hinterland,2015-16,42926
Ipswich Inner,2015-16,48805
Springfield - Redbank,2015-16,49531
Beaudesert,2015-16,40747
Beenleigh,2015-16,45164
Browns Plains,2015-16,46323
Jimboomba,2015-16,50182
Loganlea - Carbrook,2015-16,48246
Springwood - Kingston,2015-16,45281
Bowen Basin - North,2015-16,53833
Mackay,2015-16,52746
Whitsunday,2015-16,42884
Bribie - Beachmere,2015-16,38379
Caboolture,2015-16,41992
Caboolture Hinterland,2015-16,41289
Narangba - Burpengary,2015-16,46997
Redcliffe,2015-16,45751
The Hills District,2015-16,54548
North Lakes,2015-16,50619
Strathpine,2015-16,47512
Far North,2015-16,41598
Outback - North,2015-16,60326
Outback - South,2015-16,43728
Buderim,2015-16,43053
Caloundra,2015-16,42169
Maroochy,2015-16,41668
Noosa,2015-16,38903
Sunshine Coast Hinterland,2015-16,38689
Nambour,2015-16,41468
Noosa Hinterland,2015-16,37224
Toowoomba,2015-16,45929
Charters Towers - Ayr - Ingham,2015-16,43726
Townsville,2015-16,52124
Bundaberg,2015-16,39399
Burnett,2015-16,35963
Gympie - Cooloola,2015-16,36640
Hervey Bay,2015-16,38358
Maryborough,2015-16,39008
Migratory - Offshore - Shipping (Qld),2015-16,NA
No usual address (Qld),2015-16,NA
Adelaide City,2015-16,48851
Adelaide Hills,2015-16,47644
Burnside,2015-16,55059
Campbelltown (SA),2015-16,45529
Norwood - Payneham - St Peters,2015-16,50600
Prospect - Walkerville,2015-16,53999
Unley,2015-16,55449
Gawler - Two Wells,2015-16,46897
Playford,2015-16,43795
Port Adelaide - East,2015-16,45182
Salisbury,2015-16,44916
Tea Tree Gully,2015-16,48263
Holdfast Bay,2015-16,51226
Marion,2015-16,47553
Mitcham,2015-16,51143
Onkaparinga,2015-16,45272
Charles Sturt,2015-16,47822
Port Adelaide - West,2015-16,46792
West Torrens,2015-16,46486
Barossa,2015-16,44933
Lower North,2015-16,40343
Mid North,2015-16,42879
Yorke Peninsula,2015-16,37584
Eyre Peninsula and South West,2015-16,46482
Outback - North and East,2015-16,52189
Fleurieu - Kangaroo Island,2015-16,35871
Limestone Coast,2015-16,43418
Murray and Mallee,2015-16,38574
Migratory - Offshore - Shipping (SA),2015-16,NA
No usual address (SA),2015-16,NA
Augusta - Margaret River - Busselton,2015-16,41425
Bunbury,2015-16,50303
Manjimup,2015-16,39513
Mandurah,2015-16,47398
Cottesloe - Claremont,2015-16,66146
Perth City,2015-16,58897
Bayswater - Bassendean,2015-16,52358
Mundaring,2015-16,51395
Swan,2015-16,53002
Joondalup,2015-16,54093
Stirling,2015-16,53691
Wanneroo,2015-16,51656
Armadale,2015-16,52567
Belmont - Victoria Park,2015-16,52286
Canning,2015-16,46429
Gosnells,2015-16,49299
Kalamunda,2015-16,54026
Serpentine - Jarrahdale,2015-16,55248
South Perth,2015-16,58267
Cockburn,2015-16,55428
Fremantle,2015-16,56172
Kwinana,2015-16,54068
Melville,2015-16,53775
Rockingham,2015-16,54561
Albany,2015-16,41992
Wheat Belt - North,2015-16,45736
Wheat Belt - South,2015-16,47663
Kimberley,2015-16,53742
East Pilbara,2015-16,80990
West Pilbara,2015-16,85571
Esperance,2015-16,46861
Gascoyne,2015-16,46210
Goldfields,2015-16,65587
Mid West,2015-16,49098
Migratory - Offshore - Shipping (WA),2015-16,NA
No usual address (WA),2015-16,NA
Brighton,2015-16,45440
Hobart - North East,2015-16,47275
Hobart - North West,2015-16,44385
Hobart - South and West,2015-16,48214
Hobart Inner,2015-16,48248
Sorell - Dodges Ferry,2015-16,43923
Launceston,2015-16,44777
Meander Valley - West Tamar,2015-16,39387
North East,2015-16,39617
Central Highlands (Tas.),2015-16,40088
Huon - Bruny Island,2015-16,38124
South East Coast,2015-16,32488
Burnie - Ulverstone,2015-16,42929
Devonport,2015-16,41393
West Coast,2015-16,42077
Migratory - Offshore - Shipping (Tas.),2015-16,NA
No usual address (Tas.),2015-16,NA
Darwin City,2015-16,62291
Darwin Suburbs,2015-16,59556
Litchfield,2015-16,62049
Palmerston,2015-16,66171
Alice Springs,2015-16,57023
Barkly,2015-16,50034
Daly - Tiwi - West Arnhem,2015-16,43658
East Arnhem,2015-16,58611
Katherine,2015-16,50737
Migratory - Offshore - Shipping (NT),2015-16,NA
No usual address (NT),2015-16,NA
Belconnen,2015-16,58861
Canberra East,2015-16,47122
Gungahlin,2015-16,63906
North Canberra,2015-16,63962
South Canberra,2015-16,78357
Tuggeranong,2015-16,61203
Weston Creek,2015-16,63190
Woden Valley,2015-16,64254
Molonglo,2015-16,74863
Urriarra - Namadgi,2015-16,62091
Migratory - Offshore - Shipping (ACT),2015-16,NA
No usual address (ACT),2015-16,NA
Christmas Island,2015-16,74249
Cocos (Keeling) Islands,2015-16,82595
Jervis Bay,2015-16,51777
Norfolk Island,2015-16,11368
Migratory - Offshore - Shipping (OT),2015-16,NA
No usual address (OT),2015-16,NA
